,stat,duration
0,size,6891.0
1,min,0.05002267573696145
2,max,12.06
3,mean,3.6349038527034674
4,std,1.3347335283156456
5,sum,25048.122448979593
6,sum_hms,0 days 06:57:28.122449
