speaker,size,min,max,mean,std,sum,sum_hms
bea,1786,0.05002267573696145,9.5,3.576229276331663,1.3205530937910581,6387.14548752835,0 days 01:46:27.145488000
jenie,1790,0.19002267573696144,7.950022675736961,3.6439972130379203,1.1170095266259306,6522.7550113378775,0 days 01:48:42.755011000
josh,863,0.1,5.965714285714285,2.8746113200011547,1.0199981082746845,2480.7895691609965,0 days 00:41:20.789569000
sam,2452,0.14997732426303856,12.06,3.9385939563427432,1.4707221530814478,9657.432380952407,0 days 02:40:57.432381000
