emotion,size,min,max,mean,std,sum,sum_hms
amused,1317,0.12,12.06,3.418677472507609,1.4622919943903223,4502.398231292521,0 days 01:15:02.398231000
angry,1268,0.1,7.950022675736961,2.986847607602451,0.907939708368987,3787.322766439908,0 days 01:03:07.322766000
disgusted,1018,0.0599546485260771,9.450022675736962,4.138546168958739,1.428240438260591,4213.039999999996,0 days 01:10:13.040000000
neutral,1568,1.399092970521542,7.3835827664399085,3.8884747963811384,0.9723259982016637,6097.128480725625,0 days 01:41:37.128481000
sleepy,1720,0.05002267573696145,11.28,3.7489726572799675,1.503268984425565,6448.232970521544,0 days 01:47:28.232971000
