,stat,duration
0,size,6891.0
1,min,1.399092970521542
2,max,13.162857142857144
3,mean,4.954852216124683
4,std,1.583670289035918
5,sum,34143.88662131519
6,sum_hms,0 days 09:29:03.886621
