emotion,size,min,max,mean,std,sum,sum_hms
amused,1317,1.5380045351473923,13.162857142857144,5.163709764341074,1.7140652027968593,6800.605759637195,0 days 01:53:20.605760000
angry,1268,1.4918820861678004,11.026439909297054,4.437399693841783,1.1804922800855007,5626.622811791381,0 days 01:33:46.622812000
disgusted,1018,1.5300680272108844,11.450385487528346,5.7519796497511875,1.5043261321938317,5855.515283446709,0 days 01:37:35.515283000
neutral,1568,1.399092970521542,7.383582766439908,3.8884747963811384,0.9723259982016637,6097.128480725625,0 days 01:41:37.128481000
sleepy,1720,2.3068480725623584,13.067891156462586,5.676752491694365,1.5522584271291746,9764.014285714307,0 days 02:42:44.014286000
